symbol,sector,industry
GE,Industrials,Specialty Industrial Machinery
BAC,Financial Services,Banks Diversified
AAPL,Technology,Consumer Electronics
MSFT,Technology,Software Infrastructure
GILD,Healthcare,Drug Manufacturers General
HPQ,Technology,Computer Hardware
F,Consumer Cyclical,Auto Manufacturers
AMD,Technology,Semiconductors
SNAP,Communication Services,Internet Content & Information
FB,Communication Services,Internet Content & Information
WFC,Financial Services,Banks Diversified
AIG,Financial Services,Insurance Diversified
T,Communication Services,Telecom Services
C,Financial Services,Banks Diversified
VALE,Basic Materials,Metals & Mining
MS,Financial Services,Capital Markets
JPM,Financial Services,Banks Diversified
ORCL,Technology,Software Infrastructure
NKE,Consumer Cyclical,Footwear & Accessories
PG,Consumer Defensive,Household & Personal Products
PFE,Healthcare,Drug Manufacturers General
JD,Consumer Cyclical,Internet Retail
NOK,Technology,Communication Equipment
AVGO,Technology,Semiconductors
MAGN,Basic Materials,Metals & Mining
AMAT,Technology,Semiconductor Equipment & Materials
XOM,Energy,Oil & Gas Integrated
QCOM,Technology,Semiconductors
VIPS,Consumer Cyclical,Internet Retail
CSCO,Technology,Communication Equipment
AXP,Financial Services,Credit Services
BMY,Healthcare,Drug Manufacturers General
V,Financial Services,Credit Services
KEY,Financial Services,Banks Regional
NLMK,Basic Materials,Metals & Mining
RF,Financial Services,Banks Regional
KR,Consumer Defensive,Grocery Stores
HAL,Energy,Oil & Gas Equipment & Services
BABA,Consumer Cyclical,Internet Retail
MRO,Energy,Oil & Gas E&P
GM,Consumer Cyclical,Auto Manufacturers
FCX,Basic Materials,Copper
CRM,Technology,Software Application
ATVI,Communication Services,Electronic Gaming & Multimedia
POLY,Basic Materials,Metals & Mining
SQ,Technology,Software Infrastructure
NUE,Basic Materials,Steel
SWN,Energy,Oil & Gas E&P
LOW,Consumer Cyclical,Home Improvement Retail
VEON,Communication Services,Communication Services
SLB,Energy,Oil & Gas Equipment & Services
FOXA,Communication Services,Broadcasting
GIS,Consumer Defensive,Packaged Foods
VZ,Communication Services,Telecom Services
RASP,Basic Materials,Metals & Mining
ABBV,Healthcare,Drug Manufacturers General
XRX,Technology,Information Technology Services
CVLT,Technology,Software Application
MAT,Consumer Cyclical,Leisure
DVN,Energy,Oil & Gas E&P
IBN,Financial Services,Banks Regional
PRFN,Basic Materials,Metals & Mining
MPC,Energy,Oil & Gas Refining & Marketing
PM,Consumer Defensive,Tobacco
MSCI,Financial Services,Financial Data & Stock Exchanges
KO,Consumer Defensive,Beverages Non-Alcoholic
SRC,Real Estate,REIT Diversified
COP,Energy,Oil & Gas E&P
CHK,Energy,Oil & Gas E&P
DIS,Consumer Cyclical,Entertainment
LEN,Consumer Cyclical,Residential Construction
CVX,Energy,Oil & Gas Integrated
PYPL,Financial Services,Credit Services
WMT,Consumer Defensive,Discount Stores
GMKN,Basic Materials,Metals & Mining
CLF,Basic Materials,Steel
MRK,Healthcare,Drug Manufacturers General
MDLZ,Consumer Defensive,Confectioners
MGM,Consumer Cyclical,Resorts & Casinos
SCHW,Financial Services,Capital Markets
NVDA,Technology,Semiconductors
JNJ,Healthcare,Drug Manufacturers General
WDC,Technology,Computer Hardware
BSX,Healthcare,Medical Devices
ALRS,Basic Materials,Metals & Mining
ON,Technology,Semiconductors
BK,Financial Services,Asset Management
APA,Basic Materials,Independent Oil & Gas
DAL,Industrials,Airlines
CCL,Consumer Cyclical,Travel Services
MFGP,Technology,Software Infrastructure
DISCA,Communication Services,Entertainment
ABT,Healthcare,Medical Devices
FITB,Financial Services,Banks Regional
USB,Financial Services,Banks Regional
BA,Industrials,Aerospace & Defense
EBAY,Consumer Cyclical,Retail Apparel & Specialty
HBAN,Financial Services,Banks Regional
WBA,Healthcare,Pharmaceutical Retailers
CDNA,Healthcare,Diagnostics & Research
KNX,Industrials,Trucking
KBH,Consumer Cyclical,Residential Construction
DISCK,Communication Services,Entertainment
PGR,Financial Services,Insurance Property & Casualty
MO,Consumer Defensive,Tobacco
MDT,Healthcare,Medical Devices
RIG,Energy,Oil & Gas Drilling
EOG,Energy,Oil & Gas E&P
HPE,Technology,Communication Equipment
TXN,Technology,Semiconductors
OKE,Energy,Oil & Gas Midstream
CVS,Healthcare,Health Care Plans
HES,Energy,Oil & Gas E&P
GDDY,Technology,Software Infrastructure
BX,Financial Services,Asset Management
NLSN,Industrials,Consulting Services
BOX,Technology,Software Infrastructure
OXY,Energy,Oil & Gas E&P
SYF,Financial Services,Credit Services
MTG,Financial Services,Insurance Specialty
LUV,Industrials,Airlines
FTI,Energy,Oil & Gas Equipment & Services
AA,Basic Materials,Aluminum
ETSY,Consumer Cyclical,Internet Retail
TAL,Consumer Defensive,Education & Training Services
UNH,Healthcare,Health Care Plans
AMZN,Consumer Cyclical,Internet Retail
ENTG,Technology,Semiconductor Equipment & Materials
CSX,Industrials,Railroads
WYNN,Consumer Cyclical,Resorts & Casinos
FOX,Communication Services,Broadcasting
CNC,Healthcare,Health Care Plans
ZION,Financial Services,Banks Regional
CLDR,Technology,Software Application
CI,Healthcare,Health Care Plans
WMB,Energy,Oil & Gas Midstream
SYNH,Healthcare,Diagnostics & Research
HBI,Consumer Cyclical,Apparel Manufacturing
D,Utilities,Utilities Diversified
CFG,Financial Services,Banks Regional
RUSP,Basic Materials,Metals & Mining
MMM,Industrials,Specialty Industrial Machinery
BIIB,Healthcare,Drug Manufacturers General
ACN,Technology,Information Technology Services
SBUX,Consumer Cyclical,Restaurants
LVS,Consumer Cyclical,Resorts & Casinos
VLO,Energy,Oil & Gas Refining & Marketing
ADSK,Technology,Software Application
HD,Consumer Cyclical,Home Improvement Retail
BIDU,Communication Services,Internet Content & Information
ARNC,Industrials,Specialty Industrial Machinery
MLCO,Consumer Cyclical,Resorts & Casinos
NTRS,Financial Services,Asset Management
DHI,Consumer Cyclical,Residential Construction
UAL,Industrials,Airlines
HRB,Consumer Cyclical,Personal Services
IPG,Communication Services,Advertising Agencies
DE,Industrials,Farm & Heavy Construction Machinery
KHC,Consumer Defensive,Consumer Packaged Goods
COG,Energy,Oil & Gas E&P
IBM,Technology,Software Application
NYT,Communication Services,Publishing
AAL,Industrials,Airlines
JCI,Industrials,Engineering & Construction
NWL,Consumer Defensive,Household & Personal Products
KMB,Consumer Defensive,Household & Personal Products
IT,Technology,Information Technology Services
CAT,Industrials,Farm & Heavy Construction Machinery
MYL,Healthcare,Drug Manufacturers General Specialty & Generic
XRAY,Healthcare,Medical Instruments & Supplies
CHMK,Basic Materials,Metals & Mining
CMC,Basic Materials,Steel
TMUS,Communication Services,Telecom Services
NRG,Utilities,Utilities Independent Power Producers
CPB,Consumer Defensive,Packaged Foods
WRB,Financial Services,Insurance Property & Casualty
MOMO,Communication Services,Internet Content & Information
TGT,Consumer Defensive,Discount Stores
GLW,Technology,Electronic Components
MAS,Industrials,Building Products & Equipment
DOV,Industrials,Specialty Industrial Machinery
HRL,Consumer Defensive,Packaged Foods
AES,Utilities,Utilities Diversified
PPL,Utilities,Utilities Regulated Electric
SEE,Consumer Cyclical,Packaging & Containers
STX,Technology,Computer Hardware
ADBE,Technology,Software Infrastructure
K,Consumer Defensive,Packaged Foods
M,Consumer Cyclical,Department Stores
TSLA,Consumer Cyclical,Auto Manufacturers
CY,Technology,Semiconductors
TSM,Technology,Semiconductors
NBL,Energy,Oil & Gas E&P
BAH,Industrials,Consulting Services
MET,Financial Services,Insurance Life
AFL,Financial Services,Insurance Life
TPR,Consumer Cyclical,Luxury Goods
LNT,Utilities,Utilities Regulated Electric
LKQ,Consumer Cyclical,Auto Parts
PCG,Utilities,Utilities Regulated Electric
CLR,Energy,Oil & Gas E&P
LULU,Consumer Cyclical,Apparel Retail
UAA,Consumer Cyclical,Apparel Manufacturing
CAG,Consumer Defensive,Packaged Foods
STLD,Basic Materials,Steel
PEP,Consumer Defensive,Beverages Non-Alcoholic
SO,Utilities,Utilities Regulated Electric
ROLO,Basic Materials,Metals & Mining
COST,Consumer Defensive,Discount Stores
GS,Financial Services,Capital Markets
ALTR,Technology,Software Infrastructure
EMR,Industrials,Specialty Industrial Machinery
CNP,Utilities,Utilities Regulated Gas
CCI,Real Estate,REIT Specialty
ALXN,Healthcare,Biotechnology
COTY,Consumer Defensive,Household & Personal Products
MA,Financial Services,Credit Services
AWI,Industrials,Building Products & Equipment
ADP,Industrials,Staffing & Employment Services
MNST,Consumer Defensive,Beverages Non-Alcoholic
GTN,Communication Services,Broadcasting
AMT,Real Estate,REIT Specialty
PSTG,Technology,Computer Hardware
SJM,Consumer Defensive,Packaged Foods
ETN,Industrials,Specialty Industrial Machinery
CL,Consumer Defensive,Household & Personal Products
PXD,Energy,Oil & Gas E&P
ADM,Consumer Defensive,Farm Products
VTR,Real Estate,REIT Healthcare Facilities
VMW,Technology,Software Infrastructure
DKS,Consumer Cyclical,Specialty Retail
LRCX,Technology,Semiconductor Equipment & Materials
NXPI,Technology,Semiconductors
CE,Basic Materials,Chemicals
WELL,Real Estate,REIT Healthcare Facilities
TJX,Consumer Cyclical,Apparel Retail
PLD,Real Estate,REIT Industrial
XEC,Energy,Oil & Gas E&P
ENDP,Healthcare,Drug Manufacturers General Specialty & Generic
VFC,Consumer Cyclical,Apparel Manufacturing
HON,Industrials,Specialty Industrial Machinery
GOOGL,Communication Services,Internet Content & Information
ICE,Financial Services,Financial Data & Stock Exchanges
WY,Real Estate,REIT Specialty
BLL,Consumer Cyclical,Packaging & Containers
CGNX,Technology,Scientific & Technical Instruments
AMGN,Healthcare,Drug Manufacturers General
FSLR,Technology,Solar
IVZ,Financial Services,Asset Management
DG,Consumer Defensive,Discount Stores
TOL,Consumer Cyclical,Residential Construction
PDCO,Healthcare,Medical Distribution
Z,Communication Services,Internet Content & Information
BCO,Industrials,Security & Protection Services
CME,Financial Services,Financial Data & Stock Exchanges
AIV,Real Estate,REIT Residential
EXC,Utilities,Utilities Diversified
TAP,Consumer Defensive,Beverages Brewers
UNP,Industrials,Railroads
BDX,Healthcare,Medical Instruments & Supplies
LB,Consumer Cyclical,Apparel Retail
DLPH,Consumer Cyclical,Auto Parts
NOV,Energy,Oil & Gas Equipment & Services
LMT,Industrials,Aerospace & Defense
GPS,Consumer Cyclical,Apparel Retail
SYY,Consumer Defensive,Food Distribution
FTV,Technology,Scientific & Technical Instruments
BKI,Technology,Software Infrastructure
CTSH,Technology,Information Technology Services
HOLX,Healthcare,Medical Instruments & Supplies
EIX,Utilities,Utilities Regulated Electric
CTXS,Technology,Software Application
CF,Basic Materials,Agricultural Inputs
PNC,Financial Services,Banks Regional
LYB,Basic Materials,Specialty Chemicals
AEO,Consumer Cyclical,Apparel Retail
XEL,Utilities,Utilities Regulated Electric
NTNX,Technology,Software Infrastructure
HQY,Healthcare,Health Information Services
ARCC,Financial Services,Asset Management
UPS,Industrials,Integrated Freight & Logistics
MUR,Energy,Oil & Gas E&P
VMC,Basic Materials,Building Materials
ANTM,Healthcare,Health Care Plans
GD,Industrials,Aerospace & Defense
KIM,Real Estate,REIT Retail
NWS,Communication Services,Broadcasting
CHD,Consumer Defensive,Household & Personal Products
CHEP,Basic Materials,Metals & Mining
IP,Consumer Cyclical,Packaging & Containers
ZBH,Healthcare,Medical Devices
BBY,Consumer Cyclical,Specialty Retail
GRUB,Communication Services,Internet Content & Information
PWR,Industrials,Engineering & Construction
TNDM,Healthcare,Medical Devices
DXCM,Healthcare,Diagnostics & Research
NTCT,Technology,Software Infrastructure
BEN,Financial Services,Asset Management
KMI,Energy,Oil & Gas Midstream
NAVI,Financial Services,Credit Services
PBH,Healthcare,Medical Distribution
SBH,Consumer Cyclical,Specialty Retail
LLY,Healthcare,Drug Manufacturers General
TTWO,Communication Services,Electronic Gaming & Multimedia
KLAC,Technology,Semiconductor Equipment & Materials
GOOG,Communication Services,Internet Content & Information
HSIC,Healthcare,Medical Distribution
RSG,Industrials,Waste Management
BIG,Consumer Defensive,Discount Stores
PAYC,Technology,Software Application
GCP,Basic Materials,Specialty Chemicals
YUM,Consumer Cyclical,Restaurants
STZ,Consumer Defensive,Beverages Wineries & Distilleries
USFD,Consumer Defensive,Food Distribution
SFM,Consumer Defensive,Grocery Stores
ALLY,Financial Services,Credit Services
QRVO,Technology,Semiconductors
EVR,Financial Services,Capital Markets
CMS,Utilities,Utilities Regulated Electric
KMT,Industrials,Tools & Accessories
HP,Energy,Oil & Gas Drilling
FLR,Industrials,Engineering & Construction
FDX,Industrials,Integrated Freight & Logistics
EMN,Basic Materials,Chemicals
WU,Financial Services,Credit Services
BAX,Healthcare,Medical Instruments & Supplies
CARS,Consumer Cyclical,Auto & Truck Dealerships
TEL,Technology,Electronic Components
MLM,Basic Materials,Building Materials
GWW,Industrials,Industrial Distribution
AOBC,Industrials,Aerospace & Defense
PBF,Energy,Oil & Gas Refining & Marketing
GT,Consumer Cyclical,Auto Parts
EA,Communication Services,Electronic Gaming & Multimedia
CMI,Industrials,Specialty Industrial Machinery
HCA,Healthcare,Medical Care Facilities
VRTX,Healthcare,Biotechnology
INFO,Industrials,Consulting Services
YY,Communication Services,Internet Content & Information
ES,Utilities,Utilities Regulated Electric
ARMK,Consumer Cyclical,Restaurants
OII,Energy,Oil & Gas Equipment & Services
NOW,Technology,Software Application
APTV,Consumer Cyclical,Auto Parts
NSC,Industrials,Railroads
PSX,Energy,Oil & Gas Refining & Marketing
QTS,Real Estate,REIT Industrial
CERN,Healthcare,Health Information Services
AKAM,Technology,Software Infrastructure
CDNS,Technology,Software Application
NKTR,Healthcare,Biotechnology
FOE,Basic Materials,Specialty Chemicals
A,Healthcare,Diagnostics & Research
MDRX,Healthcare,Health Information Services
MOS,Basic Materials,Agricultural Inputs
CTB,Consumer Cyclical,Auto Parts
LPL,Technology,Consumer Electronics
SKX,Consumer Cyclical,Footwear & Accessories
PHM,Consumer Cyclical,Residential Construction
RRC,Energy,Oil & Gas E&P
FL,Consumer Cyclical,Footwear & Accessories
NTAP,Technology,Computer Hardware
BBBY,Consumer Cyclical,Specialty Retail
MAR,Consumer Cyclical,Lodging
CONE,Real Estate,REIT Specialty
LOGM,Technology,Software Application
CB,Financial Services,Insurance Property & Casualty
PRU,Financial Services,Insurance Life
HA,Industrials,Airlines
PBCT,Financial Services,Banks Regional
CBSH,Financial Services,Banks Regional
DRE,Real Estate,REIT Industrial
ANF,Consumer Cyclical,Apparel Retail
HIG,Financial Services,Insurance Diversified
ITW,Industrials,Specialty Industrial Machinery
YELP,Communication Services,Internet Content & Information
MTOR,Consumer Cyclical,Auto Parts
IRM,Real Estate,REIT Specialty
TSCO,Consumer Cyclical,Specialty Retail
POST,Consumer Defensive,Packaged Foods
EL,Consumer Defensive,Household & Personal Products
KRG,Real Estate,REIT Retail
TER,Technology,Semiconductor Equipment & Materials
TWLO,Communication Services,Internet Content & Information
JNPR,Technology,Communication Equipment
URBN,Consumer Cyclical,Apparel Retail
ROKU,Communication Services,Entertainment
INVH,Real Estate,REIT Residential
LW,Consumer Defensive,Packaged Foods
NOC,Industrials,Aerospace & Defense
ASH,Basic Materials,Chemicals
MCHP,Technology,Semiconductors
O,Real Estate,REIT Retail
TPH,Consumer Cyclical,Residential Construction
COF,Financial Services,Credit Services
PFPT,Technology,Software Infrastructure
FLT,Technology,Information Technology Services
FANG,Energy,Oil & Gas E&P
TROW,Financial Services,Asset Management
RXN,Industrials,Specialty Industrial Machinery
OSK,Industrials,Farm & Heavy Construction Machinery
DHR,Healthcare,Diagnostics & Research
AMN,Healthcare,Medical Care Facilities
PPC,Consumer Defensive,Packaged Foods
RCL,Consumer Cyclical,Travel Services
INTU,Technology,Software Application
W,Consumer Cyclical,Internet Retail
PCAR,Industrials,Farm & Heavy Construction Machinery
IR,Industrials,Specialty Industrial Machinery
PEG,Utilities,Utilities Diversified
WEC,Utilities,Utilities Regulated Electric
YUMC,Consumer Cyclical,Restaurants
IMMU,Healthcare,Biotechnology
BXP,Real Estate,REIT Office
WGO,Consumer Cyclical,Recreational Vehicles
KSU,Industrials,Railroads
XLNX,Technology,Semiconductors
FOLD,Healthcare,Biotechnology
JBHT,Industrials,Integrated Freight & Logistics
FBHS,Consumer Cyclical,"Furnishings, Fixtures & Appliances"
TXT,Industrials,Aerospace & Defense
EXPD,Industrials,Integrated Freight & Logistics
EXPE,Consumer Cyclical,Travel Services
WERN,Industrials,Trucking
ED,Utilities,Utilities Regulated Electric
HCSG,Healthcare,Medical Care Facilities
PUMP,Energy,Oil & Gas Equipment & Services
DLTR,Consumer Defensive,Discount Stores
SWKS,Technology,Semiconductors
PKI,Healthcare,Diagnostics & Research
IIVI,Technology,Scientific & Technical Instruments
CROX,Consumer Cyclical,Footwear & Accessories
UHS,Healthcare,Medical Care Facilities
TDC,Technology,Information Technology Services
MLHR,Industrials,Business Equipment & Supplies
QRTEA,Consumer Cyclical,Internet Retail
TRIP,Consumer Cyclical,Travel Services
FAST,Industrials,Industrial Distribution
RH,Consumer Cyclical,Specialty Retail
CBRE,Real Estate,Real Estate Services
HGV,Consumer Cyclical,Resorts & Casinos
SPG,Real Estate,REIT Retail
EWBC,Financial Services,Banks Diversified
ALNY,Healthcare,Biotechnology
BMRN,Healthcare,Biotechnology
HRTX,Healthcare,Biotechnology
LDOS,Technology,Information Technology Services
AEE,Utilities,Utilities Regulated Electric
EXEL,Healthcare,Biotechnology
ADI,Technology,Semiconductors
OLED,Technology,Semiconductor Equipment & Materials
EYE,Consumer Cyclical,Specialty Retail
MBT,Communication Services,Telecom Services
TMO,Healthcare,Diagnostics & Research
STT,Financial Services,Asset Management
WRK,Consumer Cyclical,Packaging & Containers
BR,Technology,Information Technology Services
SSNC,Technology,Software Application
CHTR,Communication Services,Entertainment
ACAD,Healthcare,Biotechnology
ZEN,Technology,Software Application
ATUS,Communication Services,Telecom Services
SIG,Consumer Cyclical,Luxury Goods
BDC,Industrials,Electrical Equipment & Parts
XPO,Industrials,Integrated Freight & Logistics
CRI,Consumer Cyclical,Apparel Retail
MANH,Technology,Software Application
AGCO,Industrials,Farm & Heavy Construction Machinery
MMC,Financial Services,Insurance Brokers
TMHC,Consumer Cyclical,Residential Construction
URI,Industrials,Rental & Leasing Services
SPLK,Technology,Software Infrastructure
VRSN,Technology,Software Infrastructure
MCO,Financial Services,Financial Data & Stock Exchanges
SLG,Real Estate,REIT Office
BZUN,Consumer Cyclical,Internet Retail
PAGS,Technology,Software Application
L,Financial Services,Insurance Property & Casualty
NWSA,Communication Services,Broadcasting
ARNA,Healthcare,Biotechnology
VNO,Real Estate,REIT Office
ULTA,Consumer Cyclical,Specialty Retail
JACK,Consumer Cyclical,Restaurants
CPRT,Industrials,Specialty Business Services
DXC,Technology,Information Technology Services
UDR,Real Estate,REIT Residential
SBRA,Real Estate,REIT Healthcare Facilities
EQT,Energy,Oil & Gas E&P
FISV,Technology,Information Technology Services
SRE,Utilities,Utilities Diversified
SAVE,Industrials,Airlines
HTA,Real Estate,REIT Healthcare Facilities
SXT,Basic Materials,Specialty Chemicals
OMC,Communication Services,Advertising Agencies
EAT,Consumer Cyclical,Restaurants
FMC,Basic Materials,Agricultural Inputs
DFS,Financial Services,Credit Services
PH,Industrials,Specialty Industrial Machinery
CIEN,Technology,Communication Equipment
OIS,Energy,Oil & Gas Equipment & Services
SCCO,Basic Materials,Copper
HDS,Industrials,Industrial Distribution
YEXT,Technology,Software Infrastructure
ALLE,Industrials,Security & Protection Services
MHK,Consumer Cyclical,"Furnishings, Fixtures & Appliances"
TWNK,Consumer Defensive,Packaged Foods
BMCH,Industrials,Building Products & Equipment
EQIX,Real Estate,REIT Specialty
GRA,Basic Materials,Specialty Chemicals
RDFN,Real Estate,Real Estate Services
UNM,Financial Services,Insurance Life
NJR,Utilities,Utilities Regulated Gas
CTAS,Industrials,Specialty Business Services
REGI,Energy,Oil & Gas Refining & Marketing
VRNT,Technology,Software Infrastructure
HAS,Consumer Cyclical,Leisure
AOS,Industrials,Specialty Industrial Machinery
DGX,Healthcare,Diagnostics & Research
HALO,Healthcare,Biotechnology
FIS,Technology,Information Technology Services
SPGI,Financial Services,Financial Data & Stock Exchanges
BHF,Financial Services,Insurance Life
AN,Consumer Cyclical,Auto & Truck Dealerships
WDAY,Technology,Software Application
MCK,Healthcare,Medical Distribution
VC,Consumer Cyclical,Auto Parts
IEX,Industrials,Specialty Industrial Machinery
MXIM,Technology,Semiconductors
CSOD,Technology,Software Application
ABC,Healthcare,Medical Distribution
EFX,Industrials,Consulting Services
DPZ,Consumer Cyclical,Restaurants
TTM,Consumer Cyclical,Auto Manufacturers
OHI,Real Estate,REIT Healthcare Facilities
SIVB,Financial Services,Banks Regional
LPLA,Financial Services,Capital Markets
SEIC,Financial Services,Asset Management
VEEV,Healthcare,Health Information Services
FORM,Technology,Semiconductors
SWK,Industrials,Tools & Accessories
VNDA,Healthcare,Biotechnology
HTHT,Consumer Cyclical,Lodging
EW,Healthcare,Medical Devices
ROK,Industrials,Specialty Industrial Machinery
ALL,Financial Services,Insurance Property & Casualty
IONS,Healthcare,Biotechnology
SBAC,Real Estate,REIT Specialty
ZTS,Healthcare,Drug Manufacturers General Specialty & Generic
BUD,Consumer Defensive,Beverages Alcoholic
UA,Consumer Cyclical,Apparel Manufacturing
WB,Technology,Online Media
TGNA,Communication Services,Broadcasting
CHGG,Consumer Defensive,Education & Training Services
WM,Industrials,Waste Management
THRM,Consumer Cyclical,Auto Parts
ALB,Basic Materials,Specialty Chemicals
RHI,Industrials,Staffing & Employment Services
HLT,Consumer Cyclical,Lodging
DNOW,Energy,Oil & Gas Equipment & Services
THO,Consumer Cyclical,Recreational Vehicles
PNFP,Financial Services,Banks Regional
OC,Industrials,Building Products & Equipment
EVH,Healthcare,Health Information Services
JELD,Industrials,Building Products & Equipment
TDG,Industrials,Aerospace & Defense
LITE,Technology,Communication Equipment
ROST,Consumer Cyclical,Apparel Retail
SYK,Healthcare,Medical Devices
TRV,Financial Services,Insurance Property & Casualty
CSL,Industrials,Building Products & Equipment
GWRE,Technology,Software Application
ANET,Technology,Computer Hardware
PCRX,Healthcare,Drug Manufacturers General Specialty & Generic
WSM,Consumer Cyclical,Specialty Retail
EXP,Basic Materials,Building Materials
BWA,Consumer Cyclical,Auto Parts
APLE,Real Estate,REIT Hotel & Motel
ADS,Financial Services,Credit Services
DRQ,Energy,Oil & Gas Equipment & Services
ILMN,Healthcare,Diagnostics & Research
ISRG,Healthcare,Medical Instruments & Supplies
CREE,Technology,Semiconductors
DECK,Consumer Cyclical,Footwear & Accessories
COHR,Technology,Computer Hardware
SWCH,Technology,Information Technology Services
CASY,Consumer Defensive,Grocery Stores
PODD,Healthcare,Medical Devices
PLNT,Consumer Cyclical,Leisure
CAH,Healthcare,Medical Distribution
AYI,Industrials,Electrical Equipment & Parts
OI,Consumer Cyclical,Packaging & Containers
DVA,Healthcare,Medical Care Facilities
REGN,Healthcare,Biotechnology
MELI,Consumer Cyclical,Internet Retail
NTES,Communication Services,Internet Content & Information
CMA,Financial Services,Banks Regional
ALK,Industrials,Airlines
CHL,Communication Services,Telecom Services
PFG,Financial Services,Insurance Diversified
HUM,Healthcare,Health Care Plans
JWN,Consumer Cyclical,Department Stores
HFC,Energy,Oil & Gas Refining & Marketing
TSN,Consumer Defensive,Farm Products
PTC,Technology,Software Application
CDW,Technology,Information Technology Services
SBGI,Communication Services,Broadcasting
PLAY,Consumer Cyclical,Restaurants
WAL,Financial Services,Banks Regional
ARE,Real Estate,REIT Office
EXAS,Healthcare,Diagnostics & Research
LYV,Communication Services,Entertainment
ECL,Basic Materials,Specialty Chemicals
ALNU,Basic Materials,Metals & Mining
MKC,Consumer Defensive,Packaged Foods
PETQ,Healthcare,Drug Manufacturers General Specialty & Generic
RMD,Healthcare,Medical Instruments & Supplies
IRDM,Communication Services,Telecom Services
H,Consumer Cyclical,Lodging
AVB,Real Estate,REIT Residential
INCY,Healthcare,Biotechnology
LBRDK,Communication Services,Entertainment
TRMB,Technology,Scientific & Technical Instruments
TDOC,Healthcare,Health Information Services
TRU,Industrials,Consulting Services
XYL,Industrials,Specialty Industrial Machinery
DY,Industrials,Engineering & Construction
MAA,Real Estate,REIT Residential
SYNA,Technology,Semiconductors
PPG,Basic Materials,Specialty Chemicals
DDS,Consumer Cyclical,Department Stores
NMIH,Financial Services,Insurance Property & Casualty
MTCH,Communication Services,Internet Content & Information
TRHC,Healthcare,Health Information Services
HAIN,Consumer Defensive,Packaged Foods
ECHO,Industrials,Integrated Freight & Logistics
MSI,Technology,Communication Equipment
LPSN,Technology,Software Application
KMX,Consumer Cyclical,Auto & Truck Dealerships
LFC,Financial Services,Insurance Life
ESPR,Healthcare,Biotechnology
LH,Healthcare,Diagnostics & Research
PLCE,Consumer Cyclical,Apparel Retail
FND,Consumer Cyclical,Home Improvement Retail
MOH,Healthcare,Health Care Plans
FUL,Basic Materials,Specialty Chemicals
MRC,Energy,Oil & Gas Equipment & Services
EXR,Real Estate,REIT Industrial
WHR,Consumer Cyclical,"Furnishings, Fixtures & Appliances"
HSY,Consumer Defensive,Confectioners
BECN,Industrials,Building Products & Equipment
COO,Healthcare,Medical Instruments & Supplies
RETA,Healthcare,Biotechnology
BLUE,Healthcare,Biotechnology
CORT,Healthcare,Biotechnology
BOOT,Consumer Cyclical,Apparel Retail
TKR,Industrials,Tools & Accessories
RL,Consumer Cyclical,Apparel Manufacturing
CLGX,Technology,Information Technology Services
AXGN,Healthcare,Medical Devices
MASI,Healthcare,Medical Instruments & Supplies
OKTA,Technology,Software Infrastructure
BRO,Financial Services,Insurance Brokers
ALSN,Consumer Cyclical,Auto Parts
BRKR,Healthcare,Medical Devices
CFX,Industrials,Specialty Industrial Machinery
PANW,Technology,Software Infrastructure
GPC,Consumer Cyclical,Specialty Retail
KMPR,Financial Services,Insurance Property & Casualty
NBIX,Healthcare,Biotechnology
CHKP,Technology,Software Infrastructure
CMCO,Industrials,Farm & Heavy Construction Machinery
BLK,Financial Services,Asset Management
POR,Utilities,Utilities Regulated Electric
ORLY,Consumer Cyclical,Specialty Retail
BGS,Consumer Defensive,Packaged Foods
FFIV,Technology,Software Infrastructure
HOG,Consumer Cyclical,Recreational Vehicles
UNVR,Basic Materials,Chemicals
TRUP,Financial Services,Insurance Specialty
CRS,Industrials,Metal Fabrication
HAE,Healthcare,Medical Instruments & Supplies
DLX,Communication Services,Advertising Agencies
AAP,Consumer Cyclical,Specialty Retail
AON,Financial Services,Insurance Brokers
SKM,Communication Services,Telecom Services
MAN,Industrials,Staffing & Employment Services
CRUS,Technology,Semiconductors
AAXN,Industrials,Aerospace & Defense
TXRH,Consumer Cyclical,Restaurants
BEAT,Healthcare,Diagnostics & Research
TNET,Industrials,Staffing & Employment Services
EEFT,Technology,Software Infrastructure
GMS,Industrials,Building Products & Equipment
PBI,Industrials,Business Equipment & Supplies
RJF,Financial Services,Capital Markets
WWD,Industrials,Aerospace & Defense
TTC,Industrials,Tools & Accessories
SHW,Basic Materials,Specialty Chemicals
AMP,Financial Services,Asset Management
WSO,Industrials,Industrial Distribution
WAB,Industrials,Railroads
PFGC,Consumer Defensive,Food Distribution
MUSA,Consumer Cyclical,Specialty Retail
DK,Energy,Oil & Gas Refining & Marketing
SWX,Utilities,Utilities Regulated Gas
STAG,Real Estate,REIT Industrial
DNLI,Healthcare,Biotechnology
CHRW,Industrials,Integrated Freight & Logistics
TTD,Technology,Software Application
IDXX,Healthcare,Diagnostics & Research
SRPT,Healthcare,Biotechnology
SGEN,Healthcare,Biotechnology
CNK,Communication Services,Entertainment
TCBI,Financial Services,Banks Regional
MDB,Technology,Software Infrastructure
ENS,Industrials,Electrical Equipment & Parts
RP,Technology,Software Application
TFX,Healthcare,Medical Instruments & Supplies
UFS,Basic Materials,Paper & Paper Products
MTN,Consumer Cyclical,Resorts & Casinos
INTC,Technology,Semiconductors
SPR,Industrials,Aerospace & Defense
QDEL,Healthcare,Diagnostics & Research
BJRI,Consumer Cyclical,Restaurants
FLIR,Technology,Scientific & Technical Instruments
JCOM,Technology,Software Infrastructure
ZS,Technology,Software Infrastructure
MIDD,Industrials,Specialty Industrial Machinery
SF,Financial Services,Capital Markets
SERV,Consumer Cyclical,Personal Services
WST,Healthcare,Medical Instruments & Supplies
SCI,Consumer Cyclical,Personal Services
BERY,Consumer Cyclical,Packaging & Containers
PII,Consumer Cyclical,Recreational Vehicles
CCK,Consumer Cyclical,Packaging & Containers
CSGP,Real Estate,Real Estate Services
ETR,Utilities,Utilities Diversified
TTMI,Technology,Electronic Components
FLS,Industrials,Specialty Industrial Machinery
ARWR,Healthcare,Biotechnology
IAC,Communication Services,Internet Content & Information
UCTT,Technology,Semiconductor Equipment & Materials
ANGI,Communication Services,Internet Content & Information
BLDR,Industrials,Building Products & Equipment
CPS,Consumer Cyclical,Auto Parts
CHEF,Consumer Defensive,Food Distribution
APH,Technology,Electronic Components
GTHX,Healthcare,Biotechnology
RS,Basic Materials,Steel
HIBB,Consumer Cyclical,Specialty Retail
ALGN,Healthcare,Medical Devices
HEI,Industrials,Aerospace & Defense
CFR,Financial Services,Banks Regional
LGIH,Consumer Cyclical,Residential Construction
REG,Real Estate,REIT Retail
RPM,Basic Materials,Specialty Chemicals
BWXT,Industrials,Aerospace & Defense
WOR,Basic Materials,Steel
NUVA,Healthcare,Medical Devices
DNKN,Consumer Cyclical,Restaurants
HUBS,Technology,Software Application
FRPT,Consumer Defensive,Packaged Foods
QUOT,Communication Services,Advertising Agencies
VRNS,Technology,Software Infrastructure
EV,Financial Services,Asset Management
PKG,Consumer Cyclical,Packaging & Containers
CINF,Financial Services,Insurance Property & Casualty
CLX,Consumer Defensive,Household & Personal Products
HII,Industrials,Aerospace & Defense
SINA,Communication Services,Internet Content & Information
PRAH,Healthcare,Diagnostics & Research
MSA,Industrials,Security & Protection Services
ZG,Communication Services,Internet Content & Information
ACM,Industrials,Engineering & Construction
CMP,Basic Materials,Other Industrial Metals & Mining
FTNT,Technology,Software Infrastructure
IFF,Basic Materials,Specialty Chemicals
VCEL,Healthcare,Biotechnology
SRCL,Industrials,Waste Management
MAC,Real Estate,REIT Retail
IQV,Healthcare,Diagnostics & Research
WTFC,Financial Services,Banks Regional
VG,Communication Services,Telecom Services
THS,Consumer Defensive,Packaged Foods
ICPT,Healthcare,Biotechnology
PZZA,Consumer Cyclical,Restaurants
POOL,Consumer Cyclical,Leisure
MMSI,Healthcare,Medical Instruments & Supplies
AWK,Utilities,Utilities Regulated Water
R,Industrials,Rental & Leasing Services
GPN,Industrials,Specialty Business Services
COLM,Consumer Cyclical,Apparel Manufacturing
SJI,Utilities,Utilities Diversified
CCOI,Communication Services,Telecom Services
SEDG,Technology,Solar
CSGS,Technology,Software Infrastructure
VAR,Healthcare,Medical Instruments & Supplies
SUPN,Healthcare,Drug Manufacturers General Specialty & Generic
UGI,Utilities,Utilities Regulated Gas
DRNA,Healthcare,Biotechnology
SMG,Basic Materials,Agricultural Inputs
WAT,Healthcare,Diagnostics & Research
MKSI,Technology,Scientific & Technical Instruments
CWT,Utilities,Utilities Regulated Water
MTB,Financial Services,Banks Regional
CRL,Healthcare,Diagnostics & Research
CDK,Technology,Software Application
FDS,Financial Services,Financial Data & Stock Exchanges
FLOW,Industrials,Specialty Industrial Machinery
JLL,Real Estate,Real Estate Services
HSC,Industrials,Specialty Industrial Machinery
LNTH,Healthcare,Diagnostics & Research
SAIL,Technology,Software Infrastructure
MXL,Technology,Semiconductors
OLLI,Consumer Defensive,Discount Stores
APPN,Technology,Software Infrastructure
AVY,Industrials,Business Equipment & Supplies
WLK,Basic Materials,Specialty Chemicals
PSA,Real Estate,REIT Industrial
FOXF,Consumer Cyclical,Recreational Vehicles
AZPN,Technology,Software Application
DCI,Industrials,Specialty Industrial Machinery
AIZ,Financial Services,Insurance Specialty
CWST,Industrials,Waste Management
LEG,Consumer Cyclical,"Furnishings, Fixtures & Appliances"
AAN,Industrials,Rental & Leasing Services
UMBF,Financial Services,Banks Regional
SOHU,Communication Services,Internet Content & Information
IPHI,Technology,Semiconductors
FGEN,Healthcare,Biotechnology
BC,Consumer Cyclical,Leisure
FTR,Communication Services,Communication Services
MBUU,Consumer Cyclical,Recreational Vehicles
BLKB,Technology,Software Application
ENPH,Technology,Solar
AJRD,Industrials,Aerospace & Defense
IPAR,Consumer Defensive,Household & Personal Products
MRTX,Healthcare,Biotechnology
ZUMZ,Consumer Cyclical,Apparel Retail
ROG,Technology,Electronic Components
ABMD,Healthcare,Medical Devices
KEYS,Technology,Scientific & Technical Instruments
HRC,Healthcare,Medical Instruments & Supplies
NDSN,Industrials,Specialty Industrial Machinery
DLTH,Consumer Cyclical,Apparel Retail
LII,Industrials,Specialty Industrial Machinery
EGRX,Healthcare,Drug Manufacturers General Specialty & Generic
EPAM,Technology,Information Technology Services
PVH,Consumer Cyclical,Apparel Manufacturing
MTD,Healthcare,Diagnostics & Research
CBPO,Healthcare,Biotechnology
FIVN,Technology,Software Infrastructure
EGHT,Technology,Software Application
JKHY,Technology,Information Technology Services
INGR,Consumer Defensive,Packaged Foods
EPAY,Technology,Software Infrastructure
VRSK,Industrials,Consulting Services
AWR,Utilities,Utilities Regulated Water
BFAM,Consumer Cyclical,Personal Services
IOVA,Healthcare,Biotechnology
LEA,Consumer Cyclical,Auto Parts
APD,Basic Materials,Chemicals
OSUR,Healthcare,Medical Instruments & Supplies
ESS,Real Estate,REIT Residential
DAR,Consumer Defensive,Packaged Foods
SAFM,Consumer Defensive,Packaged Foods
AJG,Financial Services,Insurance Brokers
RGA,Financial Services,Insurance Reinsurance
SNA,Industrials,Tools & Accessories
AIMT,Healthcare,Biotechnology
NVTA,Healthcare,Diagnostics & Research
GPI,Consumer Cyclical,Auto & Truck Dealerships
ROCK,Industrials,Building Products & Equipment
CTLT,Healthcare,Drug Manufacturers General Specialty & Generic
AMCX,Communication Services,Broadcasting
SAIC,Technology,Information Technology Services
DIOD,Technology,Semiconductors
UNKL,Basic Materials,Metals & Mining
CLDT,Real Estate,REIT Hotel & Motel
RARE,Healthcare,Biotechnology
TPX,Consumer Cyclical,"Furnishings, Fixtures & Appliances"
MYOK,Healthcare,Biotechnology
LOPE,Consumer Defensive,Education & Training Services
IBKR,Financial Services,Capital Markets
TCMD,Healthcare,Medical Devices
KEX,Industrials,Marine Shipping
SMTC,Technology,Semiconductors
XNCR,Healthcare,Biotechnology
GVA,Industrials,Engineering & Construction
WLTW,Financial Services,Insurance Brokers
FCFS,Financial Services,Credit Services
VREX,Healthcare,Medical Devices
CNS,Financial Services,Asset Management
LM,Financial Services,Asset Management
SON,Consumer Cyclical,Packaging & Containers
GDOT,Financial Services,Credit Services
ROP,Industrials,Specialty Industrial Machinery
SELG,Basic Materials,Metals & Mining
ODFL,Industrials,Trucking
SITE,Industrials,Industrial Distribution
MSTR,Technology,Software Application
GRMN,Technology,Scientific & Technical Instruments
AMEZ,Basic Materials,Metals & Mining
MEDP,Healthcare,Diagnostics & Research
KEP,Utilities,Utilities Regulated Electric
TWOU,Consumer Defensive,Education & Training Services
MDGL,Healthcare,Biotechnology
TCS,Consumer Cyclical,Specialty Retail
GATX,Industrials,Rental & Leasing Services
EPC,Consumer Defensive,Household & Personal Products
AMWD,Consumer Cyclical,"Furnishings, Fixtures & Appliances"
MSM,Industrials,Industrial Distribution
GBT,Healthcare,Biotechnology
GEF,Consumer Cyclical,Packaging & Containers
GGG,Industrials,Specialty Industrial Machinery
TDS,Communication Services,Telecom Services
MTH,Consumer Cyclical,Residential Construction
GTLS,Industrials,Specialty Industrial Machinery
GNL,Real Estate,REIT Office
AERI,Healthcare,Drug Manufacturers General Specialty & Generic
GNRC,Industrials,Specialty Industrial Machinery
ITT,Industrials,Specialty Industrial Machinery
CHH,Consumer Cyclical,Lodging
LNZL,Basic Materials,Metals & Mining
TOT,Energy,Oil & Gas Integrated
PGTI,Industrials,Building Products & Equipment
SLAB,Technology,Semiconductors
WWE,Communication Services,Entertainment
MTLR,Basic Materials,Metals & Mining
RNG,Technology,Software Application
PEGA,Technology,Software Application
MYGN,Healthcare,Diagnostics & Research
AEIS,Industrials,Electrical Equipment & Parts
RUAL,Basic Materials,Metals & Mining
LHCG,Healthcare,Medical Care Facilities
NDAQ,Financial Services,Financial Data & Stock Exchanges
WCC,Industrials,Industrial Distribution
BRC,Industrials,Security & Protection Services
ENR,Industrials,Electrical Equipment & Parts
VRTU,Technology,Information Technology Services
UTHR,Healthcare,Biotechnology
CALM,Consumer Defensive,Farm Products
ALRM,Technology,Software Application
MKTX,Financial Services,Capital Markets
LSCC,Technology,Semiconductors
ECPG,Financial Services,Mortgage Finance
AME,Industrials,Specialty Industrial Machinery
BKNG,Consumer Cyclical,Travel Services
AMED,Healthcare,Medical Care Facilities
AYX,Technology,Software Application
BLD,Industrials,Engineering & Construction
SCSC,Technology,Electronics & Computer Distribution
QADA,Technology,Software Application
RE,Financial Services,Insurance Reinsurance
GBX,Industrials,Railroads
HUBB,Industrials,Electrical Equipment & Parts
GMED,Healthcare,Medical Devices
PB,Financial Services,Banks Regional
LCII,Consumer Cyclical,Recreational Vehicles
PTCT,Healthcare,Biotechnology
RRGB,Consumer Cyclical,Restaurants
IART,Healthcare,Medical Devices
WWW,Consumer Cyclical,Footwear & Accessories
PRAA,Financial Services,Credit Services
STMP,Technology,Software Application
AFG,Financial Services,Insurance Property & Casualty
MYRG,Industrials,Engineering & Construction
WK,Technology,Software Application
SIGI,Financial Services,Insurance Property & Casualty
BOH,Financial Services,Banks Regional
FIZZ,Consumer Defensive,Beverages Non-Alcoholic
DORM,Consumer Cyclical,Auto Parts
EVBG,Technology,Software Application
ENV,Technology,Software Application
HXL,Industrials,Aerospace & Defense
EME,Industrials,Engineering & Construction
AZO,Consumer Cyclical,Specialty Retail
VSMO,Basic Materials,Metals & Mining
HUBG,Industrials,Integrated Freight & Logistics
SNBR,Consumer Cyclical,"Furnishings, Fixtures & Appliances"
FLWS,Consumer Cyclical,Specialty Retail
ANAB,Healthcare,Biotechnology
ANSS,Technology,Software Application
NVRO,Healthcare,Medical Devices
MMS,Industrials,Specialty Business Services
CBRL,Consumer Cyclical,Restaurants
ITRI,Technology,Scientific & Technical Instruments
GBCI,Financial Services,Banks Regional
RDY,Healthcare,Drug Manufacturers General Specialty & Generic
BL,Technology,Software Infrastructure
ACIA,Technology,Communication Equipment
PINC,Healthcare,Health Information Services
SMPL,Consumer Defensive,Packaged Foods
FNKO,Consumer Cyclical,Leisure
SSTK,Communication Services,Internet Content & Information
ZBRA,Technology,Communication Equipment
MGLN,Healthcare,Health Care Plans
AXE,Industrials,Industrial Distribution
EDIT,Healthcare,Biotechnology
PRGS,Technology,Software Application
NUS,Consumer Defensive,Household & Personal Products
SPSC,Technology,Software Infrastructure
BOKF,Financial Services,Banks Regional
MD,Healthcare,Medical Care Facilities
JBT,Industrials,Specialty Industrial Machinery
IRTC,Healthcare,Medical Instruments & Supplies
ZGNX,Healthcare,Biotechnology
TPIC,Industrials,Specialty Industrial Machinery
MSGN,Communication Services,Entertainment
ARW,Technology,Electronics & Computer Distribution
AMG,Financial Services,Asset Management
MNRO,Consumer Cyclical,Auto Parts
ITCI,Healthcare,Biotechnology
AIT,Industrials,Industrial Distribution
TREE,Financial Services,Mortgage Finance
SNX,Technology,Information Technology Services
PCTY,Technology,Software Application
PTR,Energy,Oil & Gas Integrated
NTLA,Healthcare,Biotechnology
BMI,Industrials,Electrical Equipment & Parts
HHC,Real Estate,Real Estate Diversified
SHAK,Consumer Cyclical,Restaurants
WTTR,Energy,Oil & Gas Equipment & Services
LGND,Healthcare,Biotechnology
CENTA,Consumer Defensive,Packaged Foods
SNPS,Technology,Software Infrastructure
APPS,Technology,Software Application
BIO,Healthcare,Medical Devices
NATI,Technology,Software Application
PLXS,Technology,Electronic Components
ASGN,Industrials,Staffing & Employment Services
CVNA,Consumer Cyclical,Internet Retail
MANT,Technology,Software Application
NGVT,Basic Materials,Specialty Chemicals
PATK,Industrials,Building Products & Equipment
VMI,Industrials,Metal Fabrication
CHMF,Basic Materials,Metals & Mining
BPMC,Healthcare,Biotechnology
FCN,Industrials,Consulting Services
WEX,Technology,Software Infrastructure
NXST,Communication Services,Broadcasting
MTRN,Basic Materials,Other Industrial Metals & Mining
TECH,Healthcare,Biotechnology
ATRA,Healthcare,Biotechnology
NEWR,Technology,Software Infrastructure
VCRA,Technology,Communication Equipment
PRI,Financial Services,Insurance Life
EXLS,Technology,Information Technology Services
QLYS,Technology,Software Infrastructure
ICUI,Healthcare,Medical Instruments & Supplies
PLZL,Basic Materials,Metals & Mining
WING,Consumer Cyclical,Restaurants
LSTR,Industrials,Integrated Freight & Logistics
ELS,Real Estate,REIT Residential
ASIX,Basic Materials,Chemicals
XLRN,Healthcare,Biotechnology
SAIA,Industrials,Trucking
RBC,Industrials,Specialty Industrial Machinery
ADUS,Healthcare,Medical Care Facilities
NWE,Utilities,Utilities Diversified
VAC,Consumer Cyclical,Resorts & Casinos
OMCL,Healthcare,Health Information Services
UFPI,Basic Materials,Lumber & Wood Production
AIR,Industrials,Aerospace & Defense
JOBS,Industrials,Staffing & Employment Services
KALU,Basic Materials,Aluminum
ITGR,Healthcare,Medical Devices
DRI,Consumer Cyclical,Restaurants
RGEN,Healthcare,Medical Instruments & Supplies
CVGW,Consumer Defensive,Packaged Foods
RGLD,Basic Materials,Gold
PLTR,Technology,Softwareâ€”Infrastructure
EBS,Healthcare,Drug Manufacturers General Specialty & Generic
QTWO,Technology,Software Application
SAGE,Healthcare,Biotechnology
ATR,Consumer Cyclical,Packaging & Containers
AFKS,Communication Services,Telecommunication Services
SYKE,Technology,Information Technology Services
ABG,Consumer Cyclical,Auto & Truck Dealerships
ATGE,Consumer Defensive,Education & Training Services
WHD,Energy,Oil & Gas Equipment & Services
LECO,Industrials,Tools & Accessories
VTRS,Healthcare,Drug Manufacturer
TREX,Industrials,Building Products & Equipment
IBP,Industrials,Building Products & Equipment
CENT,Consumer Defensive,Packaged Foods
RACE,Consumer Cyclical,Auto Manufacturers
ROL,Consumer Cyclical,Personal Services
STAA,Healthcare,Medical Instruments & Supplies
LFUS,Technology,Electronic Components
MPWR,Technology,Semiconductors
FELE,Industrials,Specialty Industrial Machinery
LANC,Consumer Defensive,Packaged Foods
CHDN,Consumer Cyclical,Gambling
TYL,Technology,Software Application
AAON,Industrials,Building Products & Equipment
MOV,Consumer Cyclical,Luxury Goods
KFY,Industrials,Staffing & Employment Services
ENTA,Healthcare,Biotechnology
MMI,Real Estate,Real Estate Services
CR,Industrials,Specialty Industrial Machinery
LNN,Industrials,Farm & Heavy Construction Machinery
INGN,Healthcare,Medical Devices
PRLB,Industrials,Metal Fabrication
PEN,Healthcare,Medical Devices
FATE,Healthcare,Biotechnology
AVAV,Industrials,Aerospace & Defense
PRSC,Healthcare,Medical Care Facilities
IPGP,Technology,Semiconductor Equipment & Materials
IIPR,Real Estate,REIT Industrial
NTGR,Technology,Communication Equipment
UNF,Industrials,Specialty Business Services
OSIS,Technology,Electronic Components
SSD,Industrials,Building Products & Equipment
TNC,Industrials,Specialty Industrial Machinery
AGIO,Healthcare,Biotechnology
TDY,Technology,Scientific & Technical Instruments
CACC,Financial Services,Credit Services
HURN,Industrials,Consulting Services
SRI,Consumer Cyclical,Auto Parts
MEI,Technology,Electronic Components
WSC,Industrials,Rental & Leasing Services
HSKA,Healthcare,Diagnostics & Research
USPH,Healthcare,Medical Care Facilities
CARA,Healthcare,Biotechnology
SBCF,Financial Services,Banks Regional
IDCC,Communication Services,Telecom Services
REX,Energy,Oil & Gas Refining & Marketing
ROLL,Industrials,Tools & Accessories
NEO,Healthcare,Diagnostics & Research
THG,Financial Services,Insurance Property & Casualty
MED,Consumer Cyclical,Personal Services
MCRI,Consumer Cyclical,Resorts & Casinos
BBSI,Industrials,Staffing & Employment Services
FARO,Technology,Scientific & Technical Instruments
CCMP,Technology,Semiconductor Equipment & Materials
NSP,Industrials,Staffing & Employment Services
CBU,Financial Services,Banks Regional
STRA,Consumer Defensive,Education & Training Services
RGNX,Healthcare,Biotechnology
APPF,Technology,Software Application
VICR,Technology,Electronic Components
MORN,Financial Services,Financial Data & Stock Exchanges
ATRC,Healthcare,Medical Instruments & Supplies
CW,Industrials,Specialty Industrial Machinery
Y,Financial Services,Insurance Property & Casualty
APEI,Consumer Defensive,Education & Training Services
SRDX,Healthcare,Diagnostics & Research
CARG,Communication Services,Internet Content & Information
NVEE,Industrials,Engineering & Construction
ATRO,Industrials,Aerospace & Defense
SHEN,Communication Services,Telecom Services
NEU,Basic Materials,Specialty Chemicals
FRPH,Real Estate,Real Estate Services
BCPC,Basic Materials,Specialty Chemicals
CLH,Industrials,Waste Management
USNA,Consumer Defensive,Household & Personal Products
MATX,Industrials,Marine Shipping
CSII,Healthcare,Medical Devices
ALGT,Industrials,Airlines
KNSL,Financial Services,Insurance Property & Casualty
NEOG,Healthcare,Diagnostics & Research
WTS,Industrials,Specialty Industrial Machinery
INDB,Financial Services,Banks Regional
CABO,Communication Services,Telecom Services
ERIE,Financial Services,Insurance Brokers
OFIX,Healthcare,Medical Devices
CCXI,Healthcare,Biotechnology
CNXN,Technology,Electronics & Computer Distribution
DLB,Communication Services,Entertainment
LUMN,Communication Services,Telecom Services
TCX,Technology,Software Infrastructure
ANDE,Consumer Defensive,Food Distribution
KRYS,Healthcare,Biotechnology
MKL,Financial Services,Insurance Property & Casualty
WRLD,Financial Services,Credit Services
FICO,Technology,Software Application
CEVA,Technology,Semiconductors
HCCI,Industrials,Waste Management
KIDS,Healthcare,Medical Devices
USM,Communication Services,Telecom Services
POWI,Technology,Semiconductors
NTRA,Healthcare,Diagnostics & Research
CORR,Real Estate,REIT Diversified
GCO,Consumer Cyclical,Apparel Retail
JBSS,Consumer Defensive,Packaged Foods
RGR,Industrials,Aerospace & Defense
VCYT,Healthcare,Biotechnology
CGEN,Healthcare,Biotechnology
NVR,Consumer Cyclical,Residential Construction
SHI,Energy,Oil & Gas Refining & Marketing
PLUS,Technology,Software Application
PRFT,Technology,Information Technology Services
CSWI,Industrials,Specialty Industrial Machinery
LRN,Consumer Defensive,Education & Training Services
RAVN,Industrials,Specialty Industrial Machinery
VRTV,Industrials,Business Equipment & Supplies
JJSF,Consumer Defensive,Packaged Foods
TTEK,Industrials,Engineering & Construction
CEA,Industrials,Airlines
DCPH,Healthcare,Biotechnology
APY,Energy,Oil & Gas Equipment & Services
UTL,Utilities,Utilities Diversified
FORR,Industrials,Consulting Services
AXSM,Healthcare,Biotechnology
GHC,Consumer Defensive,Education & Training Services
HNP,Utilities,Utilities Regulated
WDFC,Basic Materials,Specialty Chemicals
NP,Basic Materials,Paper & Paper Products
RYTM,Healthcare,Biotechnology
BTAI,Healthcare,Biotechnology
CRMT,Consumer Cyclical,Auto & Truck Dealerships
EHTH,Financial Services,Insurance Brokers
ANIK,Healthcare,Biotechnology
MHO,Consumer Cyclical,Residential Construction
CDLX,Communication Services,Internet Content & Information
HEAR,Technology,Consumer Electronics
MTSC,Technology,Scientific & Technical Instruments
NPK,Industrials,Aerospace & Defense
ZYNE,Healthcare,Drug Manufacturers General Specialty & Generic
COKE,Consumer Defensive,Beverages Non-Alcoholic
VPG,Technology,Scientific & Technical Instruments
CVCO,Consumer Cyclical,Residential Construction
ACH,Basic Materials,Metals & Mining
IOSP,Basic Materials,Specialty Chemicals
ACMR,Technology,Semiconductor Equipment & Materials
KWR,Basic Materials,Specialty Chemicals
JOUT,Consumer Cyclical,Leisure
VRTS,Financial Services,Asset Management
CRVL,Financial Services,Insurance Brokers
BH,Consumer Cyclical,Restaurants
CHA,Communication Services,Telecom Services
ATRI,Healthcare,Medical Instruments & Supplies
ARCT,Healthcare,Biotechnology
ZNH,Industrials,Airlines
NCBS,Financial Services,Banks Regional
NWLI,Financial Services,Insurance Life
MLAB,Technology,Scientific & Technical Instruments
DISCB,Communication Services,Entertainment
GSH,Industrials,Transportation & Logistics
MANU,Consumer Cyclical,Travel & Leisure
SXI,Industrials,Specialty Industrial Machinery
PLAN,Technology,Software Infrastructure
AVLR,Technology,Software Application
AVNS,Healthcare,Medical Devices
AVTR,Basic Materials,Specialty Chemicals
AX,Financial Services,Banks Regional
CPRI,Consumer Cyclical,Apparel Manufacturing
CTVA,Basic Materials,Agricultural Inputs
DELL,Technology,Computer Hardware
DOW,Basic Materials,Chemicals
DD,Basic Materials,Chemicals
DT,Technology,Software Application
ELAN,Healthcare,Drug Manufacturers General Specialty & Generic
ET,Energy,Oil & Gas Midstream
ETRN,Energy,Oil & Gas Midstream
EVRG,Utilities,Utilities Regulated Electric
FTCH,Consumer Cyclical,Internet Retail
FSLY,Technology,Software Application
GTX,Consumer Cyclical,Auto Parts
GL,Financial Services,Insurance Life
INSP,Healthcare,Medical Devices
JEF,Financial Services,Financial Conglomerates
KDP,Consumer Defensive,Beverages Non-Alcoholic
KTB,Consumer Cyclical,Apparel Manufacturing
LHX,Industrials,Aerospace & Defense
LEVI,Consumer Cyclical,Apparel Manufacturing
LIN,Basic Materials,Specialty Chemicals
LTHM,Basic Materials,Specialty Chemicals
RAMP,Technology,Information Technology Services
MGY,Energy,Oil & Gas E&P
MDLA,Technology,Software Application
PD,Technology,Software Application
PSN,Industrials,Specialty Industrial Machinery
PRSP,Technology,Information Technology Services
PINS,Communication Services,Internet Content & Information
REZI,Industrials,Security & Protection Services
RVLV,Consumer Cyclical,Internet Retail
WORK,Technology,Software Application
SMAR,Technology,Software Application
SWI,Technology,Software Infrastructure
SPOT,Communication Services,Internet Content & Information
TAK,Healthcare,Drug Manufacturers General Specialty & Generic
UBER,Technology,Software Application
UI,Technology,Communication Equipment
VNE,Consumer Cyclical,Auto Parts
WYND,Consumer Cyclical,Lodging
WH,Consumer Cyclical,Lodging
YETI,Consumer Cyclical,Leisure
ZUO,Technology,Software Infrastructure
ADPT,Healthcare,Biotechnology
ALLO,Healthcare,Biotechnology
ATEX,Communication Services,Telecom Services
APLT,Healthcare,Biotechnology
BYND,Consumer Defensive,Packaged Foods
BILI,Communication Services,Electronic Gaming & Multimedia
BBIO,Healthcare,Biotechnology
CHNG,Healthcare,Health Information Services
ALLK,Healthcare,Biotechnology
CRTX,Healthcare,Biotechnology
CVET,Healthcare,Health Information Services
CRWD,Technology,Software Infrastructure
DOCU,Technology,Software Application
BRK.B,Industrials,
RDS.A,Industrials,
DBX,Technology,Software Infrastructure
EVER,Communication Services,Internet Content & Information
FOCS,Financial Services,Capital Markets
GOSS,Healthcare,Biotechnology
GSKY,Technology,Software Infrastructure
GO,Consumer Defensive,Grocery Stores
GH,Healthcare,Diagnostics & Research
HHR,Industrials,Staffing & Employment Services
INMD,Healthcare,Medical Devices
KRTX,Healthcare,Biotechnology
KOD,Healthcare,Biotechnology
LEGH,Consumer Cyclical,Residential Construction
LVGO,Healthcare,Medical Devices
LYFT,Technology,Software Application
MRNA,Healthcare,Biotechnology
NTUS,Healthcare,Medical Devices
LASR,Technology,Semiconductors
RRBI,Financial Services,Banks Regional
MU,Technology,Semiconductors
SWAV,Healthcare,Medical Devices
SONO,Technology,Consumer Electronics
TCRR,Healthcare,Biotechnology
TENB,Technology,Software Infrastructure
TW,Financial Services,Capital Markets
TPTX,Healthcare,Biotechnology
UPWK,Industrials,Staffing & Employment Services
ZM,Communication Services,Telecom Services
ZYXI,Healthcare,Medical Devices
BILL,Technology,Software Application
BKR,Energy,Oil & Gas Equipment & Services
J,Industrials,Engineering & Construction
NTCO,Consumer Defensive,Household & Personal Products
ONTO,Technology,Semiconductors
PEAK,Real Estate,REIT Healthcare Facilities
NET,Technology,Software Infrastructure
PIPR,Financial Services,Capital Markets
SPCE,Industrials,Aerospace & Defense
TFC,Financial Services,Banks Regional
ARQT,Healthcare,Biotechnology
PGNY,Healthcare,Health Information Services
VIAC,Communication Services,Entertainment
NLOK,Technology,Software Infrastructure
TXG,Healthcare,Health Information Services
DDOG,Technology,Software Application
BDTX,Healthcare,Biotechnology
PTON,Consumer Cyclical,Leisure
PNTG,Healthcare,Medical Care Facilities
SDGR,Healthcare,Health Information Services
IGMS,Healthcare,Biotechnology
FRHC,Financial Services,Capital Markets
VIE,Healthcare,Biotechnology
VIR,Healthcare,Biotechnology
BF.B,Industrials,"Food, Beverage & Tobacco"
TT,Industrials,Specialty Industrial Machinery
BFYT,Healthcare,Health Care Plans
CARR,Industrials,Building Products & Equipment
RYN,Real Estate,REIT Specialty
RTX,Industrials,Aerospace & Defense
OTIS,Industrials,Specialty Industrial Machinery
MSGE,Communication Services,Entertainment
MSGS,Communication Services,Entertainment
NARI,Healthcare,Medical Devices
SWBI,Industrials,Aerospace & Defense
CHX,Energy,Oil & Gas Equipment & Services
ZI,Technology,Software Application
MTSS,Communication Services,Telecommunication Services
NSVZ,Communication Services,Telecommunication Services
CNTL,Communication Services,Telecommunication Services
RBCM,Communication Services,Media & Entertainment
TTLK,Communication Services,Telecommunication Services
RTKM,Communication Services,Telecommunication Services
DSKY,Consumer Cyclical,Retailing
MSST,Consumer Cyclical,Home Improvement Retail
MVID,Consumer Cyclical,Retailing
AQUA,Consumer Cyclical,"Food, Beverage & Tobacco"
AGRO,Consumer Defensive,"Food, Beverage & Tobacco"
FIVE,Consumer Defensive,Food & Staples Retailing
LNTA,Consumer Defensive,Food & Staples Retailing
MGNT,Consumer Defensive,Food & Staples Retailing
ABRD,Consumer Defensive,"Food, Beverage & Tobacco"
RUGR,Consumer Defensive,"Food, Beverage & Tobacco"
KROT,Consumer Defensive,"Food, Beverage & Tobacco"
BELU,Consumer Defensive,"Food, Beverage & Tobacco"
OBUV,Consumer Defensive,Consumer Durables & Apparel
APTK,Consumer Defensive,Food & Staples Retailing
GCHE,Consumer Defensive,"Food, Beverage & Tobacco"
NVTK,Energy,Oil & Gas E&P
SNGS,Energy,Oil & Gas E&P
GAZP,Energy,Oil & Gas E&P
KBTK,Energy,Oil & Gas E&P
LKOH,Energy,Oil & Gas E&P
RNFT,Energy,Oil & Gas E&P
BANE,Energy,Oil & Gas E&P
TRNFP,Energy,Oil & Gas E&P
CMCSA,Communication Services,Entertainment
ROSN,Energy,Oil & Gas E&P
SIBN,Energy,Oil & Gas E&P
TATN,Energy,Oil & Gas E&P
MOEX,Financial Services,Diversified Financials
TCSG,Financial Services,Banks
TWTR,Communication Services,Internet Content & Information
NFLX,Communication Services,Entertainment
UTX,Industrials,Aerospace & Defense
SBER,Financial Services,Banks
GKOS,Healthcare,Medical Instruments & Supplies
NCR,Technology,Information Technology Services
NEE,Utilities,Utilities Regulated Electric
ETFC,Financial Services,Capital Markets
TIF,Consumer Cyclical,Luxury Goods
SFIX,Consumer Cyclical,Specialty Retail
DLR,Real Estate,REIT Office
NEM,Basic Materials,Gold
AVP,Consumer Defensive,Consumer Packaged Goods
CXO,Energy,Oil & Gas E&P
AGN,Healthcare,Drug Manufacturers General
HST,Real Estate,REIT Hotel & Motel
MNK,Healthcare,Drug Manufacturers General Specialty & Generic
BTI,Consumer Defensive,Tobacco
MCD,Consumer Cyclical,Restaurants
SNY,Healthcare,Drug Manufacturers General
CMG,Consumer Cyclical,Restaurants
RPD,Technology,Software Application
COUP,Technology,Software Application
TSS,Technology,Software Application
IRBT,Technology,Consumer Electronics
BURL,Consumer Cyclical,Apparel Retail
BAND,Technology,Software Infrastructure
MINI,Industrials,Rental & Leasing Services
QNST,Communication Services,Advertising Agencies
LAD,Consumer Cyclical,Auto & Truck Dealerships
ATKR,Industrials,Specialty Industrial Machinery
TECD,Technology,Electronics & Computer Distribution
HIIQ,Healthcare,Health Care Plans
ANIP,Healthcare,Drug Manufacturers General Specialty & Generic
SAM,Consumer Defensive,Beverages Brewers
CHE,Healthcare,Medical Care Facilities
SP,Industrials,Specialty Business Services
CHWY,Consumer Cyclical,Internet Retail
ARVN,Healthcare,Biotechnology
CNST,Healthcare,Biotechnology
AVNT,,
PS,Technology,Software Application
SFIN,Financial Services,Diversified Financials
OVV,Energy,Oil & Gas E&P
BSPB,Financial Services,Banks
HWM,Industrials,Specialty Industrial Machinery
DKNG,Consumer Cyclical,Gambling
CBOM,Financial Services,Banks
VTBR,Financial Services,Banks
PRTK,Healthcare,Health Care Equipment & Services
ISKJ,Healthcare,"Pharmaceuticals, Biotechnology & Life Sciences"
LIFE,Healthcare,"Pharmaceuticals, Biotechnology & Life Sciences"
NKHP,Industrials,Transportation
RKKE,Industrials,Capital Goods
UNAC,Industrials,Capital Goods
GTRK,Industrials,Transportation
SVAV,Industrials,Automobiles & Components
KMAZ,Industrials,Capital Goods
AFLT,Industrials,Transportation
UWGN,Industrials,Capital Goods
TRCN,Industrials,Transportation
IRKT,Industrials,Capital Goods
KZOS,Industrials,Materials
FESH,Industrials,Transportation
MSTT,Industrials,Industrials
NKNC,Industrials,Materials
AKRN,Industrials,Materials
NMTP,Industrials,Transportation
PHOR,Industrials,Materials
ETLN,Real Estate,Real Estate
GRNT,Real Estate,Capital Goods
SMLT,Real Estate,Real Estate
PIKK,Real Estate,Consumer Durables & Apparel
LSRG,Real Estate,Real Estate
QIWI,Financial Services,Banks
YNDX,Communication Services,Internet Content & Information
HYDR,Utilities,Utilities
TORS,Utilities,Utilities
DASB,Utilities,Utilities
DVEC,Utilities,Utilities
LSNG,Utilities,Utilities
KLSB,Utilities,Utilities
PMSB,Utilities,Utilities
MRKY,Utilities,Utilities
MRKZ,Utilities,Utilities
IRGZ,Utilities,Utilities
TGKD,Utilities,Utilities
TGKB,Utilities,Utilities
MRKU,Utilities,Utilities
TGKN,Utilities,Utilities
MSRS,Utilities,Utilities
MRKS,Utilities,Utilities
VRSB,Utilities,Utilities
MRKC,Utilities,Utilities
MSNG,Utilities,Utilities
MRKP,Utilities,Utilities
MRKV,Utilities,Utilities
ENRU,Utilities,Utilities
TGKA,Utilities,Utilities
UPRO,Utilities,Utilities
OGKB,Utilities,Utilities
FEES,Utilities,Utilities
RSTI,Utilities,Utilities
IRAO,Utilities,Utilities
MAIL,Communication Services,Internet Content & Information
TRMK,Industrials,Energy
VNT,Technology,Scientific & Technical Instruments
ABNB,Communication Services,Internet Content & Information
PRG,Industrials,Rental & Leasing Services
AIRC,Real Estate,REIT
